Category,Subcategory,Level 3 Category,Category ID
Babies & Kids,Babies' Fashion,Accessories,9159
Babies & Kids,Babies' Fashion,Bag,13890
Babies & Kids,Babies' Fashion,Bib,8918
Babies & Kids,Babies' Fashion,Bottom,8921
Babies & Kids,Babies' Fashion,Dress,8924
Babies & Kids,Babies' Fashion,Jumper,8923
Babies & Kids,Babies' Fashion,Knee Pad,13894
Babies & Kids,Babies' Fashion,Onesie,8922
Babies & Kids,Babies' Fashion,Others,6955
Babies & Kids,Babies' Fashion,Pajama,13892
Babies & Kids,Babies' Fashion,Set,13893
Babies & Kids,Babies' Fashion,Shoes,8926
Babies & Kids,Babies' Fashion,Socks,8919
Babies & Kids,Babies' Fashion,Swaddle,13895
Babies & Kids,Babies' Fashion,Swimwear,13889
Babies & Kids,Babies' Fashion,Top,8920
Babies & Kids,Baby Detergent,Detergent,18089
Babies & Kids,Baby Detergent,Others,18088
Babies & Kids,Baby Detergent,Softener,18090
Babies & Kids,Baby Gear,Activity Gym,13972
Babies & Kids,Baby Gear,Car Seat,13970
Babies & Kids,Baby Gear,Carrier,13971
Babies & Kids,Baby Gear,Others,6949
Babies & Kids,Baby Gear,Playmat,13973
Babies & Kids,Baby Gear,Rocker,13969
Babies & Kids,Baby Gear,Stroller,13967
Babies & Kids,Baby Gear,Walker,13968
Babies & Kids,Bath & Skin Care, Sunscreen,13951
Babies & Kids,Bath & Skin Care,Bar Soap,13995
Babies & Kids,Bath & Skin Care,Bath Safety,13957
Babies & Kids,Bath & Skin Care,Bath Tub,13956
Babies & Kids,Bath & Skin Care,Body Wash,13948
Babies & Kids,Bath & Skin Care,Grooming Kit,13955
Babies & Kids,Bath & Skin Care,Others,6951
Babies & Kids,Bath & Skin Care,Shampoo,13950
Babies & Kids,Bath & Skin Care,Shower Cap,13949
Babies & Kids,Bath & Skin Care,Skincare,13952
Babies & Kids,Bath & Skin Care,Toothbrush,13947
Babies & Kids,Bath & Skin Care,Towel & Robe,13953
Babies & Kids,Bath & Skin Care,Washcloth,13954
Babies & Kids,Boys' Fashion,Accessories,13926
Babies & Kids,Boys' Fashion,Bag,13993
Babies & Kids,Boys' Fashion,Bottom,8956
Babies & Kids,Boys' Fashion,Jacket,13919
Babies & Kids,Boys' Fashion,Jumpsuit & Romper,13920
Babies & Kids,Boys' Fashion,Others,6953
Babies & Kids,Boys' Fashion,Pajama,13922
Babies & Kids,Boys' Fashion,Set,13927
Babies & Kids,Boys' Fashion,Shoes,8959
Babies & Kids,Boys' Fashion,Socks,13923
Babies & Kids,Boys' Fashion,Swimwear,13924
Babies & Kids,Boys' Fashion,Top,9161
Babies & Kids,Boys' Fashion,Underwear,13921
Babies & Kids,Diapers & Wipes,Changing Pad,13858
Babies & Kids,Diapers & Wipes,Cloth Diaper,13855
Babies & Kids,Diapers & Wipes,Diaper Bag,13857
Babies & Kids,Diapers & Wipes,Diaper Cream,13859
Babies & Kids,Diapers & Wipes,Diaper Insert,13856
Babies & Kids,Diapers & Wipes,Disposable Diaper,13854
Babies & Kids,Diapers & Wipes,Others,6957
Babies & Kids,Diapers & Wipes,Wipes,13860
Babies & Kids,Feeding & Nursing, Milk Storage,13936
Babies & Kids,Feeding & Nursing, Nursing Cover,13942
Babies & Kids,Feeding & Nursing,Baby Bottle,13931
Babies & Kids,Feeding & Nursing,Baby Food,13929
Babies & Kids,Feeding & Nursing,Bottle Cleaner,13934
Babies & Kids,Feeding & Nursing,Bottle Warmer,13935
Babies & Kids,Feeding & Nursing,Breast Pump,13941
Babies & Kids,Feeding & Nursing,Breastmilk Bag,13940
Babies & Kids,Feeding & Nursing,Drool Pad,13945
Babies & Kids,Feeding & Nursing,Follow-On Milk (6-12 months),21777
Babies & Kids,Feeding & Nursing,Food Storage,13937
Babies & Kids,Feeding & Nursing,Gift Set,13946
Babies & Kids,Feeding & Nursing,Growing-Up Milk (3 years +),21778
Babies & Kids,Feeding & Nursing,High Chair & Booster,13939
Babies & Kids,Feeding & Nursing,Infant Milk (0-6 months),21776
Babies & Kids,Feeding & Nursing,Nipples,13932
Babies & Kids,Feeding & Nursing,Nursing Pad,13944
Babies & Kids,Feeding & Nursing,Nursing Pillow,13943
Babies & Kids,Feeding & Nursing,Others,6952
Babies & Kids,Feeding & Nursing,Pacifier,13994
Babies & Kids,Feeding & Nursing,Sippy Cup,13933
Babies & Kids,Feeding & Nursing,Solid Food,13930
Babies & Kids,Feeding & Nursing,Toddler Milk (1- under 3 years),21775
Babies & Kids,Feeding & Nursing,Utensil,13938
Babies & Kids,Girls' Fashion,Accessories,13908
Babies & Kids,Girls' Fashion,Bag,13906
Babies & Kids,Girls' Fashion,Bottom,8934
Babies & Kids,Girls' Fashion,Costume,8941
Babies & Kids,Girls' Fashion,Dress,8936
Babies & Kids,Girls' Fashion,Jacket,13903
Babies & Kids,Girls' Fashion,Jumpsuit & Romper,13904
Babies & Kids,Girls' Fashion,Others,6954
Babies & Kids,Girls' Fashion,Pajama,13909
Babies & Kids,Girls' Fashion,Set,13911
Babies & Kids,Girls' Fashion,Shoes,8947
Babies & Kids,Girls' Fashion,Socks,13910
Babies & Kids,Girls' Fashion,Swimwear,13907
Babies & Kids,Girls' Fashion,Top,9160
Babies & Kids,Girls' Fashion,Underwear,13905
Babies & Kids,Health & Safety,Baby Monitor,13980
Babies & Kids,Health & Safety,Baby Thermometers,23819
Babies & Kids,Health & Safety,Floater,13977
Babies & Kids,Health & Safety,Gate & Lock,13978
Babies & Kids,Health & Safety,Nasal Aspirator,13975
Babies & Kids,Health & Safety,Others,6914
Babies & Kids,Health & Safety,Potty Training,13981
Babies & Kids,Health & Safety,Strap & Harness,13979
Babies & Kids,Health & Safety,Teether,13976
Babies & Kids,Health & Safety,Vitamins,13974
Babies & Kids,Moms & Maternity,Bottom,13959
Babies & Kids,Moms & Maternity,Dress,13960
Babies & Kids,Moms & Maternity,Maternal Milk,21800
Babies & Kids,Moms & Maternity,Maternity Belt,13965
Babies & Kids,Moms & Maternity,Maternity Pillow,13966
Babies & Kids,Moms & Maternity,Mommy & Me Terno,13964
Babies & Kids,Moms & Maternity,Others,6950
Babies & Kids,Moms & Maternity,Top,13958
Babies & Kids,Moms & Maternity,Underwear,13961
Babies & Kids,Nursery,Blanket,13989
Babies & Kids,Nursery,Crib,13990
Babies & Kids,Nursery,Mattress,13987
Babies & Kids,Nursery,Mobile,13991
Babies & Kids,Nursery,Moses Basket,13984
Babies & Kids,Nursery,Mosquito Net,13986
Babies & Kids,Nursery,Others,13983
Babies & Kids,Nursery,Pillow,13985
Babies & Kids,Nursery,Playpen,13992
Babies & Kids,Others,Others,6948
Cameras,Action Camera,Accessories,20473
Cameras,Action Camera,Action Camera,20472
Cameras,Action Camera,Others,20471
Cameras,CCTV/ IP Camera,CCTV/ IP Camera,20476
Cameras,CCTV/ IP Camera,Cables and Accessories,20477
Cameras,CCTV/ IP Camera,Others,20475
Cameras,Camera Accessories,Bags & Cases,20465
Cameras,Camera Accessories,Batteries and Chargers,20467
Cameras,Camera Accessories,Films,20466
Cameras,Camera Accessories,Filters,20463
Cameras,Camera Accessories,Lenses,20462
Cameras,Camera Accessories,Lighting & Studio Equipment,20468
Cameras,Camera Accessories,Others,20461
Cameras,Camera Accessories,Straps,20469
Cameras,Camera Accessories,Tripods/Monopods,20464
Cameras,Car/Dash Camera,Others,20483
Cameras,Digital Camera,DSLR/Mirrorless,20456
Cameras,Digital Camera,Digital Camera,20457
Cameras,Digital Camera,Instant Camera,20458
Cameras,Digital Camera,Others,20455
Cameras,Digital Camera,Spy Camera,20459
Cameras,Drones,Drone Parts & Accessories,20481
Cameras,Drones,Drones,20480
Cameras,Drones,Others,20479
Cameras,Others,Others,20453
Digital Goods & Vouchers,Dining ,Dine In & Kiosks,23403
Digital Goods & Vouchers,Dining ,Food Delivery,23402
Digital Goods & Vouchers,Dining ,Others,23401
Digital Goods & Vouchers,Leisure & Entertainment,Others,23396
Digital Goods & Vouchers,Leisure & Entertainment,Shopping,23399
Digital Goods & Vouchers,Leisure & Entertainment,"TV, Movies & Events",23398
Digital Goods & Vouchers,Others,Others,17473
Digital Goods & Vouchers,Services ,General Services & Virtual Wallet,23394
Digital Goods & Vouchers,Services ,Health & Beauty,23392
Digital Goods & Vouchers,Services ,Others,23390
Digital Goods & Vouchers,Services ,Transportation,23391
Digital Goods & Vouchers,Travel,Flights & Accommodations,23404
Digital Goods & Vouchers,Travel,Others,21738
Digital Goods & Vouchers,Travel,Theme Parks & Activities,23405
Gaming,Computer Gaming,Gaming Bundles,22630
Gaming,Computer Gaming,Gaming Headsets,22627
Gaming,Computer Gaming,Gaming Keyboards,22626
Gaming,Computer Gaming,Gaming Laptops & Monitors,22622
Gaming,Computer Gaming,Gaming Mice,22624
Gaming,Computer Gaming,Hardware & Accessories,22629
Gaming,Computer Gaming,Other,22621
Gaming,Console Gaming,Accessories,22637
Gaming,Console Gaming,Consoles,22633
Gaming,Console Gaming,Games,22635
Gaming,Console Gaming,Other Console Gaming,22632
Gaming,Console Gaming,Retro & Microconsoles,22638
Gaming,Digital Currencies & Subscription Vouchers,Others,22640
Gaming,Mobile Gaming,Gamepads,22615
Gaming,Mobile Gaming,Other,22613
Gaming,Mobile Gaming,Trigger & Joysticks,22618
Gaming,Mobile Gaming,Virtual Reality,22619
Gaming,Other,Other,22611
Groceries,Alcoholic Beverages,Beer,21102
Groceries,Alcoholic Beverages,Gin & Vodka,21103
Groceries,Alcoholic Beverages,Others Alcoholic Beverages,21101
Groceries,Alcoholic Beverages,Rum & Tequila,21104
Groceries,Alcoholic Beverages,Whisky,21105
Groceries,Alcoholic Beverages,Wine & Champagne,21106
Groceries,Beverages,Coffee,14110
Groceries,Beverages,Juices & Tea,21098
Groceries,Beverages,Others Beverages,6945
Groceries,Beverages,Soda,14113
Groceries,Beverages,"UHT, Milk & Milk Powder",21567
Groceries,Beverages,Water,22731
Groceries,"Breakfast Food, Snack & Sweet Items","Biscuits ,Cookies ,Cracker",21570
Groceries,"Breakfast Food, Snack & Sweet Items",Candies & Gummies,21574
Groceries,"Breakfast Food, Snack & Sweet Items",Cereals & Oatmeal,21572
Groceries,"Breakfast Food, Snack & Sweet Items",Chips,21575
Groceries,"Breakfast Food, Snack & Sweet Items",Chocolates,21576
Groceries,"Breakfast Food, Snack & Sweet Items",Instant Food,22722
Groceries,"Breakfast Food, Snack & Sweet Items","Others Breakfast Food ,Snack & Sweet Items",21569
Groceries,"Breakfast Food, Snack & Sweet Items",Spread,22723
Groceries,Laundry & Household Product,Cleaning & Tissue Paper,21226
Groceries,Laundry & Household Product,Cleaning Soaps,21223
Groceries,Laundry & Household Product,Laundry Bag & Trash Bags,21225
Groceries,Laundry & Household Product,Laundry Soaps & Detergents,21224
Groceries,Laundry & Household Product,Mosquito Repellent,21227
Groceries,Laundry & Household Product,Others Laundry & Household Product,17461
Groceries,Laundry & Household Product,Scents & Air Care,21228
Groceries,Others,Others,6944
Groceries,"Seasoning, Staple Foods & Baking Ingredients"," Mixes, Dips & Sauces",21111
Groceries,"Seasoning, Staple Foods & Baking Ingredients",Baking Ingredients,22732
Groceries,"Seasoning, Staple Foods & Baking Ingredients",Canned Goods,21109
Groceries,"Seasoning, Staple Foods & Baking Ingredients",Condiments,21110
Groceries,"Seasoning, Staple Foods & Baking Ingredients","Others Seasoning, Staple Foods & Baking Ingredients",21108
Groceries,"Seasoning, Staple Foods & Baking Ingredients","Rice, Bread & Pasta",21114
Groceries,"Seasoning, Staple Foods & Baking Ingredients",Spices & Herbs,21115
Groceries,Superfoods & Healthy Foods,Beans & Pulses,22726
Groceries,Superfoods & Healthy Foods,Nutrition Drinks and Shakes,22727
Groceries,Superfoods & Healthy Foods,Nuts & Trail Mixes,22728
Groceries,Superfoods & Healthy Foods,Organic Food,22729
Groceries,Superfoods & Healthy Foods,Other Superfoods & Nutrition Food,22725
Groceries,Superfoods & Healthy Foods,Seeds & Superfood,22730
Health & Personal Care,Bath & Body,Bar Soap,8608
Health & Personal Care,Bath & Body,Body & Massage Oil,22614
Health & Personal Care,Bath & Body,Body Scrub,8603
Health & Personal Care,Bath & Body,Body Wash,9076
Health & Personal Care,Bath & Body,Hand Soap,20593
Health & Personal Care,Bath & Body,Lotion,8599
Health & Personal Care,Bath & Body,Others,7051
Health & Personal Care,Hair Care,Color,12534
Health & Personal Care,Hair Care,Conditioner,8619
Health & Personal Care,Hair Care,Hair Grower,12536
Health & Personal Care,Hair Care,Hair Oil,12535
Health & Personal Care,Hair Care,Hair Treatment,8620
Health & Personal Care,Hair Care,Others,7049
Health & Personal Care,Hair Care,Shampoo,9124
Health & Personal Care,Hair Care,Styling,8621
Health & Personal Care,Health Supplements,Beauty Supplements,22625
Health & Personal Care,Health Supplements,Collagen,12542
Health & Personal Care,Health Supplements,General Health,12543
Health & Personal Care,Health Supplements,Multivitamins,12544
Health & Personal Care,Health Supplements,Others,7045
Health & Personal Care,Health Supplements,Sports Nutrition,22623
Health & Personal Care,Medical Supplies,Adult Diapers,20587
Health & Personal Care,Medical Supplies,Adult Thermometer,23820
Health & Personal Care,Medical Supplies,First Aid Supplies,20584
Health & Personal Care,Medical Supplies,Health Monitors,20583
Health & Personal Care,Medical Supplies,Nebulizers & Aspirators,20582
Health & Personal Care,Medical Supplies,Others,15751
Health & Personal Care,Medical Supplies,Pain Relief,20585
Health & Personal Care,Medical Supplies,Scrub Suits,20586
Health & Personal Care,Medical Supplies,Test Kits,20588
Health & Personal Care,Men's Grooming,Bath & Body,19113
Health & Personal Care,Men's Grooming,Deodorant,22616
Health & Personal Care,Men's Grooming,Hair Care,19111
Health & Personal Care,Men's Grooming,Others,12144
Health & Personal Care,Men's Grooming,Shaving,19110
Health & Personal Care,Men's Grooming,Skin Care,19112
Health & Personal Care,Others,Others,7042
Health & Personal Care,Personal Care,Breast Care,20607
Health & Personal Care,Personal Care,Deodorant,9125
Health & Personal Care,Personal Care,Eye Care,20594
Health & Personal Care,Personal Care,Feminine Care,8629
Health & Personal Care,Personal Care,Foot Care,20595
Health & Personal Care,Personal Care,Hair Removal,8627
Health & Personal Care,Personal Care,Oral Care,8628
Health & Personal Care,Personal Care,Others,7047
Health & Personal Care,Personal Care,Sanitizer,12541
Health & Personal Care,Sexual Wellness,Adult Toys,17766
Health & Personal Care,Sexual Wellness,Condoms,17765
Health & Personal Care,Sexual Wellness,Lubricants,17767
Health & Personal Care,Sexual Wellness,Others,17764
Health & Personal Care,Sexual Wellness,Supplements,17768
Health & Personal Care,Skin Care, Toner & Makeup Remover,8526
Health & Personal Care,Skin Care,Acne,8523
Health & Personal Care,Skin Care,Anti-Aging,8520
Health & Personal Care,Skin Care,Cleanser & Scrubs,9066
Health & Personal Care,Skin Care,Face Mists & Face Sprays,20592
Health & Personal Care,Skin Care,Facial Treatment,8519
Health & Personal Care,Skin Care,Mask,8535
Health & Personal Care,Skin Care,Moisturizer,8518
Health & Personal Care,Skin Care,Oil,8543
Health & Personal Care,Skin Care,Others,7053
Health & Personal Care,Skin Care,Sets,8530
Health & Personal Care,Slimming,Others,7046
Health & Personal Care,Slimming,Slimming Capsules & Tablet,18277
Health & Personal Care,Slimming,Slimming Drinks,13333
Health & Personal Care,Slimming,Slimming Lotion,13332
Health & Personal Care,Slimming,Slimming Patch,13331
Health & Personal Care,Slimming,Slimming Soap,13593
Health & Personal Care,Suncare,After Sun,12533
Health & Personal Care,Suncare,Body,12532
Health & Personal Care,Suncare,Face,12531
Health & Personal Care,Suncare,Others,7050
Health & Personal Care,Whitening,Others,7052
Health & Personal Care,Whitening,Whitening Capsules & Tablet,20591
Health & Personal Care,Whitening,Whitening Lotion,20590
Health & Personal Care,Whitening,Whitening Soap,20589
Hobbies & Stationery,Arts & Crafts,Calligraphy Materials,22005
Hobbies & Stationery,Arts & Crafts,Carving & Sculpting,17696
Hobbies & Stationery,Arts & Crafts,Cross-Stitch,23768
Hobbies & Stationery,Arts & Crafts,Inks & Dyes,21209
Hobbies & Stationery,Arts & Crafts,Jewelry Making,20602
Hobbies & Stationery,Arts & Crafts,Keychain,23769
Hobbies & Stationery,Arts & Crafts,Knitting & Crochet,17695
Hobbies & Stationery,Arts & Crafts,Modeling Materials,20285
Hobbies & Stationery,Arts & Crafts,Origami,22739
Hobbies & Stationery,Arts & Crafts,Others,17694
Hobbies & Stationery,Arts & Crafts,Paints & Easels,20281
Hobbies & Stationery,Arts & Crafts,Photo Books,22006
Hobbies & Stationery,Arts & Crafts,Pottery Supplies,20289
Hobbies & Stationery,Arts & Crafts,Scrap Booking,20603
Hobbies & Stationery,Arts & Crafts,Tattoo Supplies,22007
Hobbies & Stationery,Arts & Crafts,Woodworking,21725
Hobbies & Stationery,Arts & Crafts,Yarn Threads,21025
Hobbies & Stationery,Books,Books Accessories,21027
Hobbies & Stationery,Books,Books Covers,21026
Hobbies & Stationery,Books,Chinese Books,23419
Hobbies & Stationery,Books,Coloring,15525
Hobbies & Stationery,Books,Comic Books,21028
Hobbies & Stationery,Books,Cookbooks & Recipe Books,23158
Hobbies & Stationery,Books,Educational & Reviewer,17682
Hobbies & Stationery,Books,Fiction,17680
Hobbies & Stationery,Books,Filipiniana,21030
Hobbies & Stationery,Books,Non-Fiction,17681
Hobbies & Stationery,Books,Others,15524
Hobbies & Stationery,Books,Religious Texts,21211
Hobbies & Stationery,Books,Self-Help,20275
Hobbies & Stationery,Magazines & Newspapers,Others,22473
Hobbies & Stationery,Musical Instruments,Accessory,16242
Hobbies & Stationery,Musical Instruments,Bass Guitars,23154
Hobbies & Stationery,Musical Instruments,Controller & Mixer,18291
Hobbies & Stationery,Musical Instruments,Drums/Percussion,16241
Hobbies & Stationery,Musical Instruments,Guitars,23153
Hobbies & Stationery,Musical Instruments,Instrument Case,21727
Hobbies & Stationery,Musical Instruments,Instrument Tuner,18290
Hobbies & Stationery,Musical Instruments,Kalimbas,23152
Hobbies & Stationery,Musical Instruments,Music Amplifiers,18293
Hobbies & Stationery,Musical Instruments,Others,16238
Hobbies & Stationery,Musical Instruments,Piano/Keyboard Piano,16240
Hobbies & Stationery,Musical Instruments,Ukeleles,23155
Hobbies & Stationery,Musical Instruments,Wind Instrument,18292
Hobbies & Stationery,Others,Others,15505
Hobbies & Stationery,Packaging & Wrapping,Angpao,21020
Hobbies & Stationery,Packaging & Wrapping,Boxes,17702
Hobbies & Stationery,Packaging & Wrapping,Bubble Wrap & Packaging Peanuts,21023
Hobbies & Stationery,Packaging & Wrapping,Gift Tag & Wrapper ,21337
Hobbies & Stationery,Packaging & Wrapping,Invitations,19584
Hobbies & Stationery,Packaging & Wrapping,"Jars, Tubes, and Spray Bottles",21018
Hobbies & Stationery,Packaging & Wrapping,Labeling Devices,23412
Hobbies & Stationery,Packaging & Wrapping,Others,17699
Hobbies & Stationery,Packaging & Wrapping,Packaging Tape,21021
Hobbies & Stationery,Packaging & Wrapping,Paper Bags,17701
Hobbies & Stationery,Packaging & Wrapping,Plastic Bags,21024
Hobbies & Stationery,Packaging & Wrapping,Plastic Sealer,21019
Hobbies & Stationery,Packaging & Wrapping,Shrink Wrap & Zip Lock,17703
Hobbies & Stationery,Paper Supplies,Carbon Copies & Receipt Paper,23767
Hobbies & Stationery,Paper Supplies,Envelopes & Letters,21334
Hobbies & Stationery,Paper Supplies,Graph Paper,21219
Hobbies & Stationery,Paper Supplies,Index Cards & Cardstock Paper,21221
Hobbies & Stationery,Paper Supplies,Indexers & Binders,21335
Hobbies & Stationery,Paper Supplies,Logbooks & Business Journals,23163
Hobbies & Stationery,Paper Supplies,Others,21216
Hobbies & Stationery,Paper Supplies,Photo Paper,21222
Hobbies & Stationery,Paper Supplies,Printer Paper,21220
Hobbies & Stationery,Paper Supplies,Recycled Paper,21218
Hobbies & Stationery,Paper Supplies,Stickers & Labelers,23416
Hobbies & Stationery,Paper Supplies,White Paper,21217
Hobbies & Stationery,Religious Artifacts,Crosses & Crucifix,20606
Hobbies & Stationery,Religious Artifacts,Others,20605
Hobbies & Stationery,Religious Artifacts,Religious Accessories,20608
Hobbies & Stationery,Religious Artifacts,Religious Figurines,20609
Hobbies & Stationery,Religious Artifacts,Rosaries,20610
Hobbies & Stationery,School & Office Supplies,Adhesives & Clips,17687
Hobbies & Stationery,School & Office Supplies,"Bulletin Boards,Whiteboards,& Chalkboards",23408
Hobbies & Stationery,School & Office Supplies,Calculators,20611
Hobbies & Stationery,School & Office Supplies,Calendars,23411
Hobbies & Stationery,School & Office Supplies,Cashboxes & Money Counters,21338
Hobbies & Stationery,School & Office Supplies,Cutting Tools,17688
Hobbies & Stationery,School & Office Supplies,Diary & Schedule Planner,18324
Hobbies & Stationery,School & Office Supplies,ID Holders & Lanyards,23161
Hobbies & Stationery,School & Office Supplies,Laboratory Materials,21213
Hobbies & Stationery,School & Office Supplies,Laminators,21212
Hobbies & Stationery,School & Office Supplies,Notebooks,18287
Hobbies & Stationery,School & Office Supplies,Others,17684
Hobbies & Stationery,School & Office Supplies,Paper Shredders,21214
Hobbies & Stationery,School & Office Supplies,"Rulers, Protractors, and Stencils",21723
Hobbies & Stationery,School & Office Supplies,Stamps,21015
Hobbies & Stationery,School & Office Supplies,Staplers & Punchers,20293
Hobbies & Stationery,School & Office Supplies,"Sticky Notes ,Flags and Tag",21013
Hobbies & Stationery,School & Office Supplies,Time Cards & Fingerprint Scanners,22578
Hobbies & Stationery,Writing Materials,Chalk,22015
Hobbies & Stationery,Writing Materials,Colored Pens & Markers,21206
Hobbies & Stationery,Writing Materials,Highlighters,21207
Hobbies & Stationery,Writing Materials,Oil Markers,22579
Hobbies & Stationery,Writing Materials,Others,21204
Hobbies & Stationery,Writing Materials,Pen Ink Refills,22011
Hobbies & Stationery,Writing Materials,Pencil Boxes,21210
Hobbies & Stationery,Writing Materials,Pencil Lead Refills,22010
Hobbies & Stationery,Writing Materials,Pencil Sharpeners,22009
Hobbies & Stationery,Writing Materials,Pencils,22013
Hobbies & Stationery,Writing Materials,Pens,22012
Hobbies & Stationery,Writing Materials,Whiteboard Markers,22016
Hobbies & Stationery,Writing Materials,Writing Correction,21208
Home & Living,Bakeware,Aprons & Potholders,20985
Home & Living,Bakeware,Baking Trays and Molds,20979
Home & Living,Bakeware,Bread Making,21194
Home & Living,Bakeware,Cake Molding,20977
Home & Living,Bakeware,Cake and Dessert Displays,22211
Home & Living,Bakeware,Cookie Cutters,22582
Home & Living,Bakeware,Food Thermometers,21721
Home & Living,Bakeware,Icing Dispensers,20983
Home & Living,Bakeware,Measuring Tools,20984
Home & Living,Bakeware,Others,20975
Home & Living,Bakeware,Pizza Pans,22580
Home & Living,Bakeware,Whisks & Beaters,20981
Home & Living,Bath,Bath Mat,18350
Home & Living,Bath,Bath Towel Rack,19171
Home & Living,Bath,Bathroom Accessories,14228
Home & Living,Bath,Bathroom Counter Storage,19172
Home & Living,Bath,Bathroom Shelves,19170
Home & Living,Bath,Bidet,23159
Home & Living,Bath,Others,14227
Home & Living,Bath,Shower Curtains,18351
Home & Living,Bath,Soap Dispenser,20953
Home & Living,Bath,Tissue Holder,21195
Home & Living,Bath,Toilets and Accessories,22224
Home & Living,Bath,Toothbrush & Toothpaste Storage,20614
Home & Living,Bath,Towel,14232
Home & Living,Bath,Towel Robe,20952
Home & Living,Beddings,Bed Sheet,14240
Home & Living,Beddings,Bed Skirts & Runners,23436
Home & Living,Beddings,Blanket,19181
Home & Living,Beddings,Comforter,14236
Home & Living,Beddings,Duvet Sets,21726
Home & Living,Beddings,Mattress Fasteners,20615
Home & Living,Beddings,Mattress Toppers and Protectors,20616
Home & Living,Beddings,Mattresses,21724
Home & Living,Beddings,Others,14234
Home & Living,Beddings,Pillow & Bolster,14238
Home & Living,Beddings,Pillow Cases,21728
Home & Living,Dinnerware,Alcohol Glasses,21712
Home & Living,Dinnerware,Barware,22220
Home & Living,Dinnerware,Bowl,20954
Home & Living,Dinnerware,Coasters & Placemats,20955
Home & Living,Dinnerware,Condiment Dispensers,22456
Home & Living,Dinnerware,"Cups, Mugs and Saucers",20376
Home & Living,Dinnerware,Cutlery,14205
Home & Living,Dinnerware,Glass,9147
Home & Living,Dinnerware,Jug & Pitcher,21720
Home & Living,Dinnerware,Lunch Bags & Boxes,20956
Home & Living,Dinnerware,Others,7000
Home & Living,Dinnerware,Plate,8853
Home & Living,Dinnerware,Serviceware,14206
Home & Living,Dinnerware,Steak Knives,21716
Home & Living,Dinnerware,Straws,20380
Home & Living,Dinnerware,Table Cloths,23430
Home & Living,Dinnerware,Tumbler,8852
Home & Living,Furniture,Bed Frames,20617
Home & Living,Furniture,Bookcases & Shelving,21004
Home & Living,Furniture,Cabinet,21000
Home & Living,Furniture,Chair Cushions & Supports,21192
Home & Living,Furniture,Chairs and Stools,20618
Home & Living,Furniture,Clothes Rack,21011
Home & Living,Furniture,Couches and Love Seats,22228
Home & Living,Furniture,Desk & Tables,20620
Home & Living,Furniture,Foldable Furniture,18912
Home & Living,Furniture,Furniture Covers,21012
Home & Living,Furniture,Furniture Moving Equipment,23781
Home & Living,Furniture,Furniture Repair & Parts,23780
Home & Living,Furniture,Inflatable Furniture and Bean Bags,20619
Home & Living,Furniture,Others,18909
Home & Living,Furniture,Outdoor Furniture,18911
Home & Living,Furniture,Umbrella Stand,21002
Home & Living,Furniture,Wardrobes,21006
Home & Living,Home Decor,Artificial Flowers,18344
Home & Living,Home Decor,Candles,23434
Home & Living,Home Decor,"Carpet, Rug & Mat",18342
Home & Living,Home Decor,Clock,14218
Home & Living,Home Decor,"Curtain,Blinds & Shades",14222
Home & Living,Home Decor,Dream Catchers,22584
Home & Living,Home Decor,Home Decor Accents,18346
Home & Living,Home Decor,Home Fragrance,18343
Home & Living,Home Decor,Home Mirror,18345
Home & Living,Home Decor,Others,6998
Home & Living,Home Decor,Picture Frames,20621
Home & Living,Home Decor,Posters and Paintings,20622
Home & Living,Home Decor,Table Runners,20957
Home & Living,Home Decor,Vases,23433
Home & Living,Home Decor,Wall Decor,9148
Home & Living,Home Improvement,"Chains, Ropes, and Tie-Downs",22226
Home & Living,Home Improvement,Door Bells & Chimes,23178
Home & Living,Home Improvement,Door Stoppers & Draft Guards,23771
Home & Living,Home Improvement,Doors & Windows,22225
Home & Living,Home Improvement,Drills and Screwdrivers,20623
Home & Living,Home Improvement,Electrical Equipment and Supplies,20351
Home & Living,Home Improvement,Fire Alarms & Carbon Monoxide Detectors,8856
Home & Living,Home Improvement,Flooring,22227
Home & Living,Home Improvement,Generators & Pumps,22219
Home & Living,Home Improvement,Hardware,20625
Home & Living,Home Improvement,Industrial Tape & Adhesives,21196
Home & Living,Home Improvement,"Keys, Locks, and Safes",19165
Home & Living,Home Improvement,Ladders,23148
Home & Living,Home Improvement,Measuring Tools,20627
Home & Living,Home Improvement,Other Power Tools,20629
Home & Living,Home Improvement,Others,6996
Home & Living,Home Improvement,Paint Supplies,14242
Home & Living,Home Improvement,Personal Protective Equipment,23776
Home & Living,Home Improvement,Plumbing and Fixtures,20354
Home & Living,Home Improvement,Power Tool Accessories,20717
Home & Living,Home Improvement,"Saws,Grinders,& Rotary Tools",20630
Home & Living,Home Improvement,Tool Organizers,20632
Home & Living,Home Improvement,Tool Sets,20384
Home & Living,Home Improvement,Tools,8857
Home & Living,Home Improvement,Utility Carts,20633
Home & Living,Home Improvement,Welding & Accessories,20635
Home & Living,Home Maintenance,Broom & Mop Rack,23426
Home & Living,Home Maintenance,Brushes & Dusters,21722
Home & Living,Home Maintenance,Cleaning Equipment,21190
Home & Living,Home Maintenance,Drying Racks,23435
Home & Living,Home Maintenance,Garment Protection,21185
Home & Living,Home Maintenance,Hamper,21189
Home & Living,Home Maintenance,Insect Control,21187
Home & Living,Home Maintenance,Others,21184
Home & Living,Home Maintenance,Rodent Control,21186
Home & Living,Home Maintenance,Toilet Plungers & Brushes,22581
Home & Living,Home Maintenance,Trash & Recycling,21578
Home & Living,Kitchenware," Graters,Peelers and Openers",20972
Home & Living,Kitchenware,Colanders & Kitchen Strainers,23171
Home & Living,Kitchenware,Drinking Water Pumps,23176
Home & Living,Kitchenware,Food Storage,18352
Home & Living,Kitchenware,Kitchen Organizer,20250
Home & Living,Kitchenware,Kitchen Scales,20356
Home & Living,Kitchenware,Kitchen Timer,20636
Home & Living,Kitchenware,Kitchen Utensils & Gadgets,18348
Home & Living,Kitchenware,Knives and Accessories,20637
Home & Living,Kitchenware,Meat Tenderizer,23775
Home & Living,Kitchenware,Mortar & Pestle,23774
Home & Living,Kitchenware,Others,7001
Home & Living,Kitchenware,Pasta & Noodle Making,21193
Home & Living,Kitchenware,Pots & Pans,8845
Home & Living,Kitchenware,Skewers,22585
Home & Living,Kitchenware,Steamers,20639
Home & Living,Kitchenware,Tea & Coffee Supplies,20971
Home & Living,Kitchenware,Water Purifier,18349
Home & Living,Lighting,Bulb,18359
Home & Living,Lighting,Cabinet Lights,22212
Home & Living,Lighting,Ceiling Light,18355
Home & Living,Lighting,Chandeliers,22214
Home & Living,Lighting,Desk & Office Lighting,20640
Home & Living,Lighting,Fairy Light,20989
Home & Living,Lighting,Floor Lamps,18358
Home & Living,Lighting,LED Signs,22213
Home & Living,Lighting,Lamp Shades & Covers,23437
Home & Living,Lighting,Lanterns,23167
Home & Living,Lighting,Night Light,20988
Home & Living,Lighting,Others,18354
Home & Living,Lighting,Outdoor Light,18356
Home & Living,Lighting,Salt Lamps,20641
Home & Living,Lighting,Seasonal Lights,18360
Home & Living,Lighting,Security Light,18357
Home & Living,Lighting,Stage Lighting,23777
Home & Living,Others,Others,6992
Home & Living,Outdoor & Garden,Artificial Grass,23166
Home & Living,Outdoor & Garden,Fencing and Wiring,22221
Home & Living,Outdoor & Garden,Fertilizer,20993
Home & Living,Outdoor & Garden,Flowers and Plants,22216
Home & Living,Outdoor & Garden,Garden Hose & Sprinkler,19178
Home & Living,Outdoor & Garden,Garden Ornaments,19179
Home & Living,Outdoor & Garden,Garden Pots & Planters,19180
Home & Living,Outdoor & Garden,Garden Sprayer,23156
Home & Living,Outdoor & Garden,Gardening Tool,14259
Home & Living,Outdoor & Garden,Greenhouses & Accessories,23162
Home & Living,Outdoor & Garden,Grow Lights,23164
Home & Living,Outdoor & Garden,Hydroponic Supplies,21197
Home & Living,Outdoor & Garden,Metal Detectors,23147
Home & Living,Outdoor & Garden,Others,6994
Home & Living,Outdoor & Garden,Outdoor Grills,14257
Home & Living,Outdoor & Garden,Outdoor Power Tools,21729
Home & Living,Outdoor & Garden,Pool Cleaning Supplies,22217
Home & Living,Outdoor & Garden,Seeds & Seedlings,18534
Home & Living,Outdoor & Garden,Succulent Supplies,21198
Home & Living,Outdoor & Garden,Water Fountains,22583
Home & Living,Outdoor & Garden,Wind Chimes,22215
Home & Living,Party Supplies,Balloons,17482
Home & Living,Party Supplies,Candle,21014
Home & Living,Party Supplies,Decorations,17484
Home & Living,Party Supplies,Disposable Tableware,17485
Home & Living,Party Supplies,Loot Bags,17483
Home & Living,Party Supplies,Name Tags,22222
Home & Living,Party Supplies,Others,17479
Home & Living,Party Supplies,Party Favors,19177
Home & Living,Party Supplies,Party Hats & Masks,20642
Home & Living,Party Supplies,Party Lights & Fog Machines,22223
Home & Living,Party Supplies,Photo Booth Props,23782
Home & Living,Party Supplies,Plastic Table Covers,23420
Home & Living,Seasonal Decor,Chinese New Year Decor,20964
Home & Living,Seasonal Decor,Christmas Decor,20960
Home & Living,Seasonal Decor,Easter Decor,20961
Home & Living,Seasonal Decor,Halloween Decor,20962
Home & Living,Seasonal Decor,Miscellaneous Seasonal Decor,20965
Home & Living,Seasonal Decor,Others,20959
Home & Living,Seasonal Decor,Valentines Decor,20963
Home & Living,Seasonal Decor,Wedding Decorations,22218
Home & Living,Storage & Organization,Adhesive Wall Hooks,23422
Home & Living,Storage & Organization,Arm Chair Organizer,20388
Home & Living,Storage & Organization,"Baskets , Bins , & Containers",19728
Home & Living,Storage & Organization,Buckets & Pails,23770
Home & Living,Storage & Organization,Clothes Hangers & Pins,20996
Home & Living,Storage & Organization,Clothes Storage,14215
Home & Living,Storage & Organization,Desk Organizer,20392
Home & Living,Storage & Organization,Dust Covers,20998
Home & Living,Storage & Organization,Medicine Storage,14214
Home & Living,Storage & Organization,Others,6999
Home & Living,Storage & Organization,Remote Control Holders,23773
Home & Living,Storage & Organization,Shelves,23425
Home & Living,Storage & Organization,Shoe Storage,14212
Home & Living,Storage & Organization,Vacuum Sealed Storage,23429
Home & Living,Storage & Organization,Wardrobe Organizer,19168
Home & Living,Storage & Organization,Watch & Jewelry Organizers,20646
Home Appliances,Cooling & Heating,Air Conditioner,17430
Home Appliances,Cooling & Heating,Air Cooler,22014
Home Appliances,Cooling & Heating,Air Filters and Ducts,22017
Home Appliances,Cooling & Heating,Air Purifier,20999
Home Appliances,Cooling & Heating,Dehumidifiers,21719
Home Appliances,Cooling & Heating,Desk Fan,19118
Home Appliances,Cooling & Heating,Hand Dryers,23783
Home Appliances,Cooling & Heating,Humidifier,21001
Home Appliances,Cooling & Heating,Indoor Thermometers,21717
Home Appliances,Cooling & Heating,Industrial & Exhaust Fan,19162
Home Appliances,Cooling & Heating,Mist Fan,19119
Home Appliances,Cooling & Heating,Others,17428
Home Appliances,Cooling & Heating,Personal Fan,19120
Home Appliances,Cooling & Heating,Space Heater,21718
Home Appliances,Cooling & Heating,Stand Fan,19117
Home Appliances,Cooling & Heating,Tower Fan,23441
Home Appliances,Cooling & Heating,Wall & Ceiling Fan,19729
Home Appliances,Cooling & Heating,Water Heater,20997
Home Appliances,Garment Care,Hand Held Sewing Machine,19116
Home Appliances,Garment Care,Irons and Ironing Board,17404
Home Appliances,Garment Care,Others,17403
Home Appliances,Garment Care,Steamer,17405
Home Appliances,Garment Care,Table-Top Sewing Machine,17406
Home Appliances,Home Appliance Parts & Accessories,Aircon Parts,22601
Home Appliances,Home Appliance Parts & Accessories,Fan Parts & Accessories,23439
Home Appliances,Home Appliance Parts & Accessories,Kitchen Appliance Parts,22606
Home Appliances,Home Appliance Parts & Accessories,Other Home Appliance Parts & Accessories,22594
Home Appliances,Home Appliance Parts & Accessories,Refrigerator Parts & Accessories,22595
Home Appliances,Home Appliance Parts & Accessories,Vacuum Cleaner Parts,22605
Home Appliances,Home Appliance Parts & Accessories,Washer - Dryer Parts &Accessories,22602
Home Appliances,Home Appliance Parts & Accessories,Water Dispenser Parts,22598
Home Appliances,Large Appliances,Cooktops & Ranges,21710
Home Appliances,Large Appliances,Freezer,21708
Home Appliances,Large Appliances,Others,21706
Home Appliances,Large Appliances,Refrigerators,21707
Home Appliances,Large Appliances,Washing Machines,21709
Home Appliances,Small Kitchen Appliances,Air Fryer,22018
Home Appliances,Small Kitchen Appliances,"Blender, Juicer, and Mixer",17421
Home Appliances,Small Kitchen Appliances,Coffee Maker & Boilers,17422
Home Appliances,Small Kitchen Appliances,Deep Fryer,20383
Home Appliances,Small Kitchen Appliances,Dessert Maker,19161
Home Appliances,Small Kitchen Appliances,Electric Sandwich Maker,20995
Home Appliances,Small Kitchen Appliances,Electric Water Dispenser Pump,23438
Home Appliances,Small Kitchen Appliances,Fondue Maker,22019
Home Appliances,Small Kitchen Appliances,Food Processors,20362
Home Appliances,Small Kitchen Appliances,Food Steamer,22607
Home Appliances,Small Kitchen Appliances,Food Vacuum Sealers,23214
Home Appliances,Small Kitchen Appliances,Grills and Surface Cooker,17476
Home Appliances,Small Kitchen Appliances,Ice Crusher,22608
Home Appliances,Small Kitchen Appliances,Kettles & Airpots,17423
Home Appliances,Small Kitchen Appliances,Meat Grinder,22020
Home Appliances,Small Kitchen Appliances,Microwaves,21713
Home Appliances,Small Kitchen Appliances,Others,17420
Home Appliances,Small Kitchen Appliances,Oven & Toaster,17477
Home Appliances,Small Kitchen Appliances,Pressure Cooker,18283
Home Appliances,Small Kitchen Appliances,Rice Cooker,17424
Home Appliances,Small Kitchen Appliances,Slow Cooker & Sous Vide,22457
Home Appliances,Small Kitchen Appliances,Specialty Appliances,21715
Home Appliances,Small Kitchen Appliances,Waffle & Crepe Makers,21714
Home Appliances,Vacuum Cleaners & Floor Care,Floor Polishers,23217
Home Appliances,Vacuum Cleaners & Floor Care,Handheld Vacuum,17436
Home Appliances,Vacuum Cleaners & Floor Care,Others,17435
Home Appliances,Vacuum Cleaners & Floor Care,Robotic Vacuum,17438
Home Appliances,Vacuum Cleaners & Floor Care,Steam Cleaners & Mops,23440
Home Appliances,Vacuum Cleaners & Floor Care,Stick Vacuum,17437
Home Appliances,Vacuum Cleaners & Floor Care,Wet and Dry Vacuum,21336
Home Entertainment,Others,Others,20422
Home Entertainment,Projectors,Others,20437
Home Entertainment,Projectors,Projector Accessories,20439
Home Entertainment,Projectors,Projectors,20438
Home Entertainment,Speakers and Karaoke,Amplifiers and Receivers,20444
Home Entertainment,Speakers and Karaoke,Karaoke and Videoke,20443
Home Entertainment,Speakers and Karaoke,Others,20441
Home Entertainment,Speakers and Karaoke,Speakers/ Home Theaters,20442
Home Entertainment,TV Accessories,Antenna & Satellite,20434
Home Entertainment,TV Accessories,Cables and Adapters,20433
Home Entertainment,TV Accessories,Media Players,20432
Home Entertainment,TV Accessories,Others,20429
Home Entertainment,TV Accessories,Remotes,20435
Home Entertainment,TV Accessories,TV Boxes,20430
Home Entertainment,TV Accessories,Wall Mounts,20431
Home Entertainment,Television,4K TV,20427
Home Entertainment,Television,LED TV,20425
Home Entertainment,Television,Others,20424
Home Entertainment,Television,Smart TV,20426
Laptops & Computers, Printers and Inks,Inks/Cartridges,20530
Laptops & Computers, Printers and Inks,Others,20528
Laptops & Computers, Printers and Inks,Printers,20529
Laptops & Computers,Computer Accessories,Audio Adapters,20516
Laptops & Computers,Computer Accessories,"Batteries, Adapters and Power Supply",20514
Laptops & Computers,Computer Accessories,Keyboards,20509
Laptops & Computers,Computer Accessories,"Laptop Bags, Cases and Skins",20510
Laptops & Computers,Computer Accessories,Laptop Stands and Desks,20515
Laptops & Computers,Computer Accessories,Monitors,21740
Laptops & Computers,Computer Accessories,Mouse,20508
Laptops & Computers,Computer Accessories,Mouse Keyboard Bundles,20513
Laptops & Computers,Computer Accessories,Mouse Pads,20512
Laptops & Computers,Computer Accessories,Others,20505
Laptops & Computers,Computer Accessories,Speakers,20511
Laptops & Computers,Computer Hardware,Bitcoin Miners,20543
Laptops & Computers,Computer Hardware,Cables,20544
Laptops & Computers,Computer Hardware,Cooling and Cases,20540
Laptops & Computers,Computer Hardware,Graphics Card,20536
Laptops & Computers,Computer Hardware,Motherboard,20539
Laptops & Computers,Computer Hardware,Others,20535
Laptops & Computers,Computer Hardware,Power Extension,20541
Laptops & Computers,Computer Hardware,Processor,20537
Laptops & Computers,Computer Hardware,RAM,20538
Laptops & Computers,Computer Hardware,Raspberry Pi/ Mini Computers,20542
Laptops & Computers,Laptops and Desktops,Desktops,20493
Laptops & Computers,Laptops and Desktops,Laptops,20492
Laptops & Computers,Laptops and Desktops,Others,20491
Laptops & Computers,Network Components,Cables,20502
Laptops & Computers,Network Components,Others,20495
Laptops & Computers,Network Components,Pocket Wifi,20503
Laptops & Computers,Network Components,Routers/ Repeaters,20496
Laptops & Computers,Network Components,Wireless USB Adapters,20501
Laptops & Computers,Others,Others,20489
Laptops & Computers,Software ,Others,20533
Laptops & Computers,Storage ,CD/DVD,20524
Laptops & Computers,Storage ,Covers and Cases,20526
Laptops & Computers,Storage ,External Hard Drive ,20520
Laptops & Computers,Storage ,Flash Drives,20522
Laptops & Computers,Storage ,Internal Hard Drive,20521
Laptops & Computers,Storage ,Memory Cards,20523
Laptops & Computers,Storage ,Others,20518
Laptops & Computers,Storage ,SSD,20519
Laptops & Computers,USB Gadgets,Coolers and Fans,20547
Laptops & Computers,USB Gadgets,Lights,20548
Laptops & Computers,USB Gadgets,Others,20546
Laptops & Computers,USB Gadgets,Pointers,20550
Laptops & Computers,USB Gadgets,USB Hubs,20549
Makeup & Fragrances,Eye Makeup,Eye Primer,17716
Makeup & Fragrances,Eye Makeup,Eyebrow Makeup,17712
Makeup & Fragrances,Eye Makeup,Eyeliner,17714
Makeup & Fragrances,Eye Makeup,Eyeshadow,17713
Makeup & Fragrances,Eye Makeup,Mascara,17715
Makeup & Fragrances,Eye Makeup,Others,17711
Makeup & Fragrances,Eye Makeup,Under Eye Concealer,17717
Makeup & Fragrances,Face Makeup,BB & CC Cream,18375
Makeup & Fragrances,Face Makeup,Blush,17735
Makeup & Fragrances,Face Makeup,Concealer,17732
Makeup & Fragrances,Face Makeup,Contour & Bronzer,18373
Makeup & Fragrances,Face Makeup,Foundation,17733
Makeup & Fragrances,Face Makeup,Highlighter,18374
Makeup & Fragrances,Face Makeup,Others,17730
Makeup & Fragrances,Face Makeup,Powder,17734
Makeup & Fragrances,Face Makeup,Primer,17731
Makeup & Fragrances,Face Makeup,Setting Spray,17737
Makeup & Fragrances,Fragrances,Body Mist,18285
Makeup & Fragrances,Fragrances,Cologne,17741
Makeup & Fragrances,Fragrances,Others,17739
Makeup & Fragrances,Fragrances,Perfume,17740
Makeup & Fragrances,Fragrances,Set,17742
Makeup & Fragrances,Lip Makeup,Lip Balm,17725
Makeup & Fragrances,Lip Makeup,Lip Cream,17728
Makeup & Fragrances,Lip Makeup,Lip Gloss,17724
Makeup & Fragrances,Lip Makeup,Lip Liner,17726
Makeup & Fragrances,Lip Makeup,Lip Palettes & Sets,22636
Makeup & Fragrances,Lip Makeup,Lip Tattoo,17727
Makeup & Fragrances,Lip Makeup,Lip Tint,22634
Makeup & Fragrances,Lip Makeup,Lipstick,17723
Makeup & Fragrances,Lip Makeup,Others,17720
Makeup & Fragrances,Nails,Nail Art,17748
Makeup & Fragrances,Nails,Nail Care,17746
Makeup & Fragrances,Nails,Nail Polish,17745
Makeup & Fragrances,Nails,Nail Polish Remover,17747
Makeup & Fragrances,Nails,Others,17744
Makeup & Fragrances,Others,Others,17709
Makeup & Fragrances,Palettes & Makeup Sets,Others,17761
Makeup & Fragrances,Tools & Accessories,Beauty Blender & Sponge,17757
Makeup & Fragrances,Tools & Accessories,Beauty Organizer,17773
Makeup & Fragrances,Tools & Accessories,Brush Cleaner,17758
Makeup & Fragrances,Tools & Accessories,False Eyelashes,17756
Makeup & Fragrances,Tools & Accessories,Hair Tool,17755
Makeup & Fragrances,Tools & Accessories,Makeup Brushes,17753
Makeup & Fragrances,Tools & Accessories,Makeup Sanitzer,17759
Makeup & Fragrances,Tools & Accessories,Makeup Tool,17754
Makeup & Fragrances,Tools & Accessories,Others,17750
Makeup & Fragrances,Tools & Accessories,Vanity Mirror,18372
Men Shoes,Boots,Boots,23232
Men Shoes,Boots,Others,17648
Men Shoes,Formal,Dress Shoes,17643
Men Shoes,Formal,Others,17642
Men Shoes,Loafer & Boat Shoes,Boat,13653
Men Shoes,Loafer & Boat Shoes,Espadrille,13655
Men Shoes,Loafer & Boat Shoes,Loafers,13654
Men Shoes,Loafer & Boat Shoes,Others,6979
Men Shoes,Others,Others,6975
Men Shoes,Sandals & Flip Flops,Clogs,23208
Men Shoes,Sandals & Flip Flops,Flip-flops,13657
Men Shoes,Sandals & Flip Flops,House Slippers,20410
Men Shoes,Sandals & Flip Flops,Others,6977
Men Shoes,Sandals & Flip Flops,Sandals,13656
Men Shoes,Sandals & Flip Flops,Slides,23207
Men Shoes,Sandals & Flip Flops,Slip Ons,13659
Men Shoes,Shoe Care & Accessories,Insoles and Cushions,20415
Men Shoes,Shoe Care & Accessories,Others,20412
Men Shoes,Shoe Care & Accessories,Shoe Care,20414
Men Shoes,Shoe Care & Accessories,Shoe Laces,20413
Men Shoes,Sneakers,High Cut,13661
Men Shoes,Sneakers,Low Cut,13660
Men Shoes,Sneakers,Others,6978
Men Shoes,Sneakers,Slip On,13663
Men's Apparel,Hoodies & Sweatshirts,Cardigans,23311
Men's Apparel,Hoodies & Sweatshirts,Hoodies,23309
Men's Apparel,Hoodies & Sweatshirts,Others,23302
Men's Apparel,Hoodies & Sweatshirts,Sweater,23308
Men's Apparel,Jacket & Outerwear, Blazers & Vest,20648
Men's Apparel,Jacket & Outerwear,Bomber Jacket,20649
Men's Apparel,Jacket & Outerwear,Denim Jacket,20650
Men's Apparel,Jacket & Outerwear,Leather Jacket,20654
Men's Apparel,Jacket & Outerwear,Others,6983
Men's Apparel,Jacket & Outerwear,Rain Jacket,20655
Men's Apparel,Jacket & Outerwear,Winter Jacket,20657
Men's Apparel,Others,Others,6980
Men's Apparel,Pants,Cargo,20660
Men's Apparel,Pants,Denim,20662
Men's Apparel,Pants,Jogger Pants,20663
Men's Apparel,Pants,Others,20659
Men's Apparel,Pants,Slacks & Formal,20664
Men's Apparel,Shorts,Board,20670
Men's Apparel,Shorts,Cargo,20671
Men's Apparel,Shorts,Chinos,20673
Men's Apparel,Shorts,Denim,20674
Men's Apparel,Shorts,Drawstring,20675
Men's Apparel,Shorts,Others,20666
Men's Apparel,Socks,Ankle Socks,23442
Men's Apparel,Socks,Invisible Socks,23443
Men's Apparel,Socks,Others,23324
Men's Apparel,Socks,Toe Socks,23444
Men's Apparel,Tops,Dress & Casual Shirt,17374
Men's Apparel,Tops,Others,6984
Men's Apparel,Tops,Polo Shirt,17376
Men's Apparel,Tops,T-Shirt,17375
Men's Apparel,Tops,Tank Top,23292
Men's Apparel,Underwear,Boxers,17578
Men's Apparel,Underwear,Briefs,17577
Men's Apparel,Underwear,Others,17576
Men's Bags & Accessories,Accessories,Belt,19537
Men's Bags & Accessories,Accessories,Handkerchief,19540
Men's Bags & Accessories,Accessories,Others,13755
Men's Bags & Accessories,Accessories,Ties,19539
Men's Bags & Accessories,Eyewear,Glasses,17639
Men's Bags & Accessories,Eyewear,Others,13727
Men's Bags & Accessories,Eyewear,Sunglasses,17640
Men's Bags & Accessories,Hats & Caps,Beanie,19543
Men's Bags & Accessories,Hats & Caps,Cap,19542
Men's Bags & Accessories,Hats & Caps,Hat,19541
Men's Bags & Accessories,Hats & Caps,Others,6971
Men's Bags & Accessories,Jewelry,Bracelet,13757
Men's Bags & Accessories,Jewelry,Necklace,13756
Men's Bags & Accessories,Jewelry,Others,13759
Men's Bags & Accessories,Jewelry,Ring,13758
Men's Bags & Accessories,Men's Bags,Anti-Theft Bag,19535
Men's Bags & Accessories,Men's Bags,Backpack,17608
Men's Bags & Accessories,Men's Bags,Others,17606
Men's Bags & Accessories,Men's Bags,Shoulder & Messenger Bag,17609
Men's Bags & Accessories,Men's Bags,Sling Bag,19536
Men's Bags & Accessories,Others,Others,6970
Men's Bags & Accessories,Wallets,Card Holder,19545
Men's Bags & Accessories,Wallets,Cash Clip,19546
Men's Bags & Accessories,Wallets,Others,13731
Men's Bags & Accessories,Wallets,Pouch,19547
Men's Bags & Accessories,Wallets,Wallet,19544
Men's Bags & Accessories,Watches,Analog,13719
Men's Bags & Accessories,Watches,Digital,13720
Men's Bags & Accessories,Watches,Dual Time,13722
Men's Bags & Accessories,Watches,Others,13723
Mobiles & Accessories,Accessories,Cable Winder,12382
Mobiles & Accessories,Accessories,Case & Cover,11840
Mobiles & Accessories,Accessories,Holder,8907
Mobiles & Accessories,Accessories,Lens,14804
Mobiles & Accessories,Accessories,Monopod,8905
Mobiles & Accessories,Accessories,OTG,12384
Mobiles & Accessories,Accessories,Others,6966
Mobiles & Accessories,Accessories,SIM Card,15775
Mobiles & Accessories,Accessories,Screen Protector,8906
Mobiles & Accessories,Accessories,Selfie Light,15774
Mobiles & Accessories,Accessories,Signal Booster,20564
Mobiles & Accessories,Mobiles,Android,9155
Mobiles & Accessories,Mobiles,Basic  Phone,12381
Mobiles & Accessories,Mobiles,IOS,8897
Mobiles & Accessories,Mobiles,Others,6968
Mobiles & Accessories,Mobiles,Walkie Talkie,20565
Mobiles & Accessories,Others,Others,6965
Mobiles & Accessories,Portable Audio,Earphones,14810
Mobiles & Accessories,Portable Audio,Headphones,14809
Mobiles & Accessories,Portable Audio,Others,18054
Mobiles & Accessories,Portable Audio,Speaker,14811
Mobiles & Accessories,Powerbanks & Chargers,Battery,12521
Mobiles & Accessories,Powerbanks & Chargers,Cable,12522
Mobiles & Accessories,Powerbanks & Chargers,Charger,12457
Mobiles & Accessories,Powerbanks & Chargers,Dock,12523
Mobiles & Accessories,Powerbanks & Chargers,Others,6969
Mobiles & Accessories,Powerbanks & Chargers,Powerbank,12524
Mobiles & Accessories,Tablets,Android,9156
Mobiles & Accessories,Tablets,IOS,8904
Mobiles & Accessories,Tablets,Others,6967
Mobiles & Accessories,Wearables,E-Cigarettes,22004
Mobiles & Accessories,Wearables,Others,13065
Mobiles & Accessories,Wearables,Smart Watch,14805
Motors,Automotive Parts," Auto Electrical, Switches ,Wiring Components",20676
Motors,Automotive Parts,Auto Batteries & Accessories,19588
Motors,Automotive Parts,Auto Body Parts,19591
Motors,Automotive Parts,Auto Tires & Wheel Components,19589
Motors,Automotive Parts,Brake Parts,19590
Motors,Automotive Parts,Car Lights & Components,19592
Motors,Automotive Parts,Engine Parts & Drivetrain,19594
Motors,Automotive Parts,Exhaust System & Components,19595
Motors,Automotive Parts,Intake Parts Filters & Components,19587
Motors,Automotive Parts,Mirrors & Components,20395
Motors,Automotive Parts,Others,19586
Motors,Automotive Parts,Suspension Parts,19598
Motors,Automotive Parts,Windshield Wipers & Components,19600
Motors,Car Care & Detailing,Dent Repairs & Paint Protection,19711
Motors,Car Care & Detailing,Detailing Equipment & Cleaning Supplies,19712
Motors,Car Care & Detailing,Glass Care,19713
Motors,Car Care & Detailing,Leather Care,21080
Motors,Car Care & Detailing,Oils & Fluids,19714
Motors,Car Care & Detailing,Others,19710
Motors,Car Care & Detailing,Pressure Washers,22024
Motors,Car Care & Detailing,Sealants,19715
Motors,Car Care & Detailing,Spray Paints,19718
Motors,Car Care & Detailing,Vacuum Cleaners,19716
Motors,Car Care & Detailing,Waxes & Polishes,19717
Motors,Car Electronics,Antennas & Satellite Radios,20682
Motors,Car Electronics,Car Amplifiers & Equalizers,20683
Motors,Car Electronics,Car Speakers & Subwoofers,20684
Motors,Car Electronics,Car Stereo,20685
Motors,Car Electronics,Car Two-Way Radios,20686
Motors,Car Electronics,Car Video,20688
Motors,Car Electronics,Cigarette Lighter Adapters,22023
Motors,Car Electronics,GPS & Navigation,20689
Motors,Car Electronics,Others,20681
Motors,Car Electronics,Parking Sensors,22022
Motors,Car Electronics,Radar Detectors,22021
Motors,Car Services,Battery and Electrical Services,22592
Motors,Car Services,Brakes Services,22590
Motors,Car Services,Fuel Services,22591
Motors,Car Services,Oil Change,22588
Motors,Car Services,Others,22587
Motors,Car Services,Wheel & Tire Services,22589
Motors,Exterior Car Accessories,Car Covers,19653
Motors,Exterior Car Accessories,Car Decals & Stickers,19654
Motors,Exterior Car Accessories,Car Door Protection,19655
Motors,Exterior Car Accessories,Fender Flares & Accessories,19656
Motors,Exterior Car Accessories,Hood Accessories,19657
Motors,Exterior Car Accessories,Horns & Components,19658
Motors,Exterior Car Accessories,Mud Guards,19659
Motors,Exterior Car Accessories,Others,19651
Motors,Exterior Car Accessories,Rain Visors,19660
Motors,Exterior Car Accessories,Towing Accessories,19661
Motors,Exterior Car Accessories,Windshield Covers,19662
Motors,Interior Car Accessories, Animal Car Carriers,19674
Motors,Interior Car Accessories,Air Humidifier and Air Fresheners,19665
Motors,Interior Car Accessories,Car Alarm Systems & Locks,20677
Motors,Interior Car Accessories,Car Beds and Pillows,19666
Motors,Interior Car Accessories,Car Mount Holders,19667
Motors,Interior Car Accessories,Center Consoles,19668
Motors,Interior Car Accessories,Dash Covers,19669
Motors,Interior Car Accessories,Floor Mats & Cargo Mats,19670
Motors,Interior Car Accessories,Gauges & Meters,20679
Motors,Interior Car Accessories,Interior Lights & Components,19671
Motors,Interior Car Accessories,Keyless Entry Systems,19672
Motors,Interior Car Accessories,Organizers & Storage,19673
Motors,Interior Car Accessories,Others,19664
Motors,Interior Car Accessories,Pedals & Components,20678
Motors,Interior Car Accessories,Portable Interior Appliances,19675
Motors,Interior Car Accessories,Seat Covers,19676
Motors,Interior Car Accessories,Shift Boots & Knobs,19680
Motors,Interior Car Accessories,Steering Wheel Covers,19677
Motors,Interior Car Accessories,Sun Shades,19678
Motors,Moto Riding & Protective Gear,Gloves,19721
Motors,Moto Riding & Protective Gear,Helmets,19722
Motors,Moto Riding & Protective Gear,Knee & Elbow Pads,19724
Motors,Moto Riding & Protective Gear,Masks & Eyewear,19725
Motors,Moto Riding & Protective Gear,Motorcycle Rain Gear,19726
Motors,Moto Riding & Protective Gear,Others,19720
Motors,Moto Riding & Protective Gear,Riding Apparel,21202
Motors,Moto Riding & Protective Gear,Riding Jackets & Safety Vests,19723
Motors,Motorcycle & ATV Parts,Moto Battery & Accessories,19683
Motors,Motorcycle & ATV Parts,Moto Body & Frame,19684
Motors,Motorcycle & ATV Parts,Moto Brakes,19685
Motors,Motorcycle & ATV Parts,Moto Engine Parts,19686
Motors,Motorcycle & ATV Parts,Moto Exhaust Parts,19687
Motors,Motorcycle & ATV Parts,Moto Filters,19690
Motors,Motorcycle & ATV Parts,Moto Ignition Parts,19691
Motors,Motorcycle & ATV Parts,Moto Lights & Components,19692
Motors,Motorcycle & ATV Parts,Moto Mirrors & Components,19693
Motors,Motorcycle & ATV Parts,Moto Suspension Parts,19694
Motors,Motorcycle & ATV Parts,Moto Tires & Wheel Components,19695
Motors,Motorcycle & ATV Parts,Others,19682
Motors,Motorcycle Accessories,Body & Frame Accessories,19696
Motors,Motorcycle Accessories,Moto Decals & Stickers,19697
Motors,Motorcycle Accessories,Moto Seat Covers,19698
Motors,Motorcycle Accessories,Motorcycle Covers,19699
Motors,Motorcycle Accessories,Motorcycle Mount Holders,19700
Motors,Motorcycle Accessories,"Organizers , Storage & Components",19701
Motors,Motorcycle Accessories,Others,19689
Motors,Motorcycle Accessories,Security Locks & Alarm Systems,19702
Motors,"Oils, Coolants, & Fluids",Antifreeze & Coolants,20976
Motors,"Oils, Coolants, & Fluids",Brake Fluids,20973
Motors,"Oils, Coolants, & Fluids",Engine Oils,20978
Motors,"Oils, Coolants, & Fluids",Grease & Lubricants,20980
Motors,"Oils, Coolants, & Fluids",Oil & Fluid Additives,20982
Motors,"Oils, Coolants, & Fluids",Other Fluids,20970
Motors,Others,Others,18098
Motors,Tools & Garage,Car Jacks,23446
Motors,Tools & Garage,Car Key Accessories,19706
Motors,Tools & Garage,"Diagnostic Tools, Scanners & Testers",19707
Motors,Tools & Garage,Hand Tools,19708
Motors,Tools & Garage,Jumper Cables,23445
Motors,Tools & Garage,Others,19704
Motors,Tools & Garage,Wheel & Tire Tools,19705
Pet Care,Others,Others,23185
Pet Care,Pet Essentials,Cat Essentials,23321
Pet Care,Pet Essentials,Dog Essentials,23318
Pet Care,Pet Essentials,Other Pet Essentials,23315
Pet Care,Pet Food & Treats,Cat Food & Treats,23297
Pet Care,Pet Food & Treats,Dog Food & Treats,23295
Pet Care,Pet Food & Treats,Other Pet Food & Treats,23242
Pet Care,Pet Grooming Supplies,Cat Grooming Supplies,23337
Pet Care,Pet Grooming Supplies,Dog Grooming Supplies,23336
Pet Care,Pet Grooming Supplies,Other Pet Grooming Supplies,23334
Pet Care,Pet Toys & Accessories,Cat Toys & Accessories,23332
Pet Care,Pet Toys & Accessories,Dog Toys & Accessories,23331
Pet Care,Pet Toys & Accessories,Others Pet Toys & Accessories,23330
Sports & Travel,Boxing & MMA,Boxing Equipment,23450
Sports & Travel,Boxing & MMA,MMA & Boxing Gloves,23449
Sports & Travel,Boxing & MMA,Martial Arts Equipment,23453
Sports & Travel,Boxing & MMA,Martial Arts Uniform,23452
Sports & Travel,Boxing & MMA,Others,23448
Sports & Travel,Boxing & MMA,Protective Fighting Gear,23451
Sports & Travel,Camping & Hiking,Air Pumps & Inflators,21201
Sports & Travel,Camping & Hiking,Camping Cookware,15456
Sports & Travel,Camping & Hiking,Camping Coolers,20335
Sports & Travel,Camping & Hiking,Camping Furniture,20366
Sports & Travel,Camping & Hiking,Camping Light,15403
Sports & Travel,Camping & Hiking,Camping Tool,15800
Sports & Travel,Camping & Hiking,Camping Utensils,20387
Sports & Travel,Camping & Hiking,Canopies,23177
Sports & Travel,Camping & Hiking,Compass & Outdoor GPS,23456
Sports & Travel,Camping & Hiking,Flint & Fire Starters,23788
Sports & Travel,Camping & Hiking,Hammock,18326
Sports & Travel,Camping & Hiking,Hiking Accessories,20371
Sports & Travel,Camping & Hiking,Inflatable Bed,18325
Sports & Travel,Camping & Hiking,Others,15401
Sports & Travel,Camping & Hiking,Outdoor Optics,19182
Sports & Travel,Camping & Hiking,Sleeping Pads,23789
Sports & Travel,Camping & Hiking,Tarpaulins,23180
Sports & Travel,Camping & Hiking,Tent & Sleeping Bag,15402
Sports & Travel,Camping & Hiking,Trekking Poles,21686
Sports & Travel,"Cycling, Skates & Scooters", Bike Parts,20810
Sports & Travel,"Cycling, Skates & Scooters",Bicycles,20624
Sports & Travel,"Cycling, Skates & Scooters",Bike Accessories,15443
Sports & Travel,"Cycling, Skates & Scooters",Bike Computers,23170
Sports & Travel,"Cycling, Skates & Scooters",Bike Locks,23179
Sports & Travel,"Cycling, Skates & Scooters",Cycling Shoes & Clips,23169
Sports & Travel,"Cycling, Skates & Scooters",Electric Scooters,21687
Sports & Travel,"Cycling, Skates & Scooters",Others,15444
Sports & Travel,"Cycling, Skates & Scooters",Protective Gear,18334
Sports & Travel,"Cycling, Skates & Scooters",Scooter,18333
Sports & Travel,"Cycling, Skates & Scooters",Skates & Boards,15480
Sports & Travel,Exercise & Fitness,Body Shaper,8871
Sports & Travel,Exercise & Fitness,Fitness Accessory,15395
Sports & Travel,Exercise & Fitness,Fitness Tracker,15390
Sports & Travel,Exercise & Fitness,Hand Grips and Stress Balls,22207
Sports & Travel,Exercise & Fitness,Others,6991
Sports & Travel,Exercise & Fitness,Pedometer,21681
Sports & Travel,Exercise & Fitness,Resistance Training,20772
Sports & Travel,Exercise & Fitness,Sauna Suits,21688
Sports & Travel,Exercise & Fitness,Speed Training,20634
Sports & Travel,Exercise & Fitness,Supports & Braces,20378
Sports & Travel,Exercise & Fitness,Treadmills,23173
Sports & Travel,Exercise & Fitness,Weightlifting,20638
Sports & Travel,Exercise & Fitness,Yoga,15389
Sports & Travel,Golf,Clubs & Accessories,18795
Sports & Travel,Golf,Golf Bags and Organizers,18796
Sports & Travel,Golf,Golf Balls and Ball Bags,18798
Sports & Travel,Golf,Golf Training Equipment,18799
Sports & Travel,Golf,Others,18794
Sports & Travel,Golf,Tees and Markers,18797
Sports & Travel,Leisure Sports & Game Room,Billiards,23784
Sports & Travel,Leisure Sports & Game Room,Darts,20652
Sports & Travel,Leisure Sports & Game Room,Foosball & Air Hockey,23787
Sports & Travel,Leisure Sports & Game Room,Others,20644
Sports & Travel,Leisure Sports & Game Room,Poker and Casino Games,20836
Sports & Travel,Men's Activewear,Athletic Accessories,21199
Sports & Travel,Men's Activewear,Athletic Socks,20298
Sports & Travel,Men's Activewear,Compression Gear,20302
Sports & Travel,Men's Activewear,Hiking Apparel,20389
Sports & Travel,Men's Activewear,Jersey and Fanwear,15530
Sports & Travel,Men's Activewear,Others,15529
Sports & Travel,Men's Activewear,Pants,20304
Sports & Travel,Men's Activewear,Shorts,15532
Sports & Travel,Men's Activewear,Sports Shoes,15693
Sports & Travel,Men's Activewear,Swimwear,15531
Sports & Travel,Men's Activewear,Tops,15533
Sports & Travel,Others,Others,6986
Sports & Travel,Outdoor Recreation,Airsoft & Paintball,21689
Sports & Travel,Outdoor Recreation,Archery,20669
Sports & Travel,Outdoor Recreation,Fishing Gear,23215
Sports & Travel,Outdoor Recreation,Mountain Climbing,20672
Sports & Travel,Outdoor Recreation,Others,20668
Sports & Travel,Racket Sports,Badminton,18330
Sports & Travel,Racket Sports,Others,18328
Sports & Travel,Racket Sports,Squash,18332
Sports & Travel,Racket Sports,Table Tennis,18331
Sports & Travel,Racket Sports,Tennis,18329
Sports & Travel,Sports Bags,Arm Bag,16705
Sports & Travel,Sports Bags,Ball Bag,21070
Sports & Travel,Sports Bags,Dry Bag,16393
Sports & Travel,Sports Bags,First Aid Bag,21071
Sports & Travel,Sports Bags,Gym Bag,16409
Sports & Travel,Sports Bags,Hiking Bag,18092
Sports & Travel,Sports Bags,Hydration Bags & Water Bladders,23454
Sports & Travel,Sports Bags,Others,15846
Sports & Travel,Sports Bags,Racket Bag,21069
Sports & Travel,Sports Bags,Tactical Bag,21068
Sports & Travel,Sports Bags,Waist Pack,16410
Sports & Travel,Team Sports,American Football,23174
Sports & Travel,Team Sports,Baseball & Softball,18536
Sports & Travel,Team Sports,Basketball,18535
Sports & Travel,Team Sports,Cheerleading,20692
Sports & Travel,Team Sports,Football,18537
Sports & Travel,Team Sports,Gymanstics & Ballet,20693
Sports & Travel,Team Sports,Others,15440
Sports & Travel,Team Sports,Scoreboards & Stopwatches,22577
Sports & Travel,Team Sports,Sports Protective Gear,20694
Sports & Travel,Team Sports,Volleyball,18538
Sports & Travel,Travel Accessories,Eyemasks & Earplugs,22573
Sports & Travel,Travel Accessories,Foldable Fans,22574
Sports & Travel,Travel Accessories,Luggage Locks,23181
Sports & Travel,Travel Accessories,Luggage Scales,22576
Sports & Travel,Travel Accessories,Organizer,15822
Sports & Travel,Travel Accessories,Others,15482
Sports & Travel,Travel Accessories,Passport Holder,15483
Sports & Travel,Travel Accessories,Pollution Masks,22575
Sports & Travel,Travel Accessories,Self Defense Tools,22477
Sports & Travel,Travel Accessories,Toiletry Bag,18335
Sports & Travel,Travel Accessories,Travel Adapters,23175
Sports & Travel,Travel Accessories,Travel Pillow,15486
Sports & Travel,Travel Bags,Beach Bag,21073
Sports & Travel,Travel Bags,Eco Bag,17659
Sports & Travel,Travel Bags,Foldable Bag,17658
Sports & Travel,Travel Bags,Luggage,17656
Sports & Travel,Travel Bags,Luggage Covers & Straps,23455
Sports & Travel,Travel Bags,Luggage Tags,21072
Sports & Travel,Travel Bags,Others,17655
Sports & Travel,Travel Bags,Overnight Bag,17657
Sports & Travel,Water Sports,Aqua Shoes,20375
Sports & Travel,Water Sports,Beach Mat,15420
Sports & Travel,Water Sports,Beach Sports,22210
Sports & Travel,Water Sports,Beach Tents,21747
Sports & Travel,Water Sports,Diving Gear,21746
Sports & Travel,Water Sports,Floater,15419
Sports & Travel,Water Sports,Goggles,15418
Sports & Travel,Water Sports,Inflatable Pool,15417
Sports & Travel,Water Sports,Kayaking,22208
Sports & Travel,Water Sports,Life Jackets,20379
Sports & Travel,Water Sports,Others,15416
Sports & Travel,Water Sports,Snorkling Set,20372
Sports & Travel,Water Sports,Surfing and Paddleboarding,22209
Sports & Travel,Water Sports,Swim Training,20690
Sports & Travel,Weather Protection,Men's Rain Gear,21741
Sports & Travel,Weather Protection,Others,21691
Sports & Travel,Weather Protection,Rain Shoe Covers,21692
Sports & Travel,Weather Protection,Umbrellas,21744
Sports & Travel,Weather Protection,Waterproof Gloves,21693
Sports & Travel,Weather Protection,Women's Rain Gear,21742
Sports & Travel,Winter Sports Gear, Ski Equipment,22600
Sports & Travel,Winter Sports Gear,Ice Skating Gear,22604
Sports & Travel,Winter Sports Gear,Others,22597
Sports & Travel,Winter Sports Gear,Sledding Gear,22603
Sports & Travel,Winter Sports Gear,Snowboarding Equipment,22599
Sports & Travel,Women's Activewear,Athletic Accessories,21200
Sports & Travel,Women's Activewear,Athletic Socks,20300
Sports & Travel,Women's Activewear,Compression Gear,20301
Sports & Travel,Women's Activewear,Hiking Apparel,20390
Sports & Travel,Women's Activewear,Jerseys and Fanwear,20695
Sports & Travel,Women's Activewear,Others,15536
Sports & Travel,Women's Activewear,Pants,15753
Sports & Travel,Women's Activewear,Shorts,15754
Sports & Travel,Women's Activewear,Sports Bra,15539
Sports & Travel,Women's Activewear,Sports Shoes,15749
Sports & Travel,Women's Activewear,Swimwear,15694
Sports & Travel,Women's Activewear,Top,15537
Sports & Travel,Women's Activewear,Yoga,15695
"Toys, Games & Collectibles",Boards & Family Games,Board Game,17447
"Toys, Games & Collectibles",Boards & Family Games,Card Game,19198
"Toys, Games & Collectibles",Boards & Family Games,Family Game,17448
"Toys, Games & Collectibles",Boards & Family Games,Others,17445
"Toys, Games & Collectibles",Boards & Family Games,Puzzle,17446
"Toys, Games & Collectibles",Celebrity Merchandise,Kpop & Jpop,23380
"Toys, Games & Collectibles",Celebrity Merchandise,Movies & Series ,23377
"Toys, Games & Collectibles",Celebrity Merchandise,Music Album,23378
"Toys, Games & Collectibles",Celebrity Merchandise,Others,23376
"Toys, Games & Collectibles",Collectibles,Action Figure,17386
"Toys, Games & Collectibles",Collectibles,Cars and Die Cast Vehicles,19197
"Toys, Games & Collectibles",Collectibles,Character,17387
"Toys, Games & Collectibles",Collectibles,Fidget,17391
"Toys, Games & Collectibles",Collectibles,Novelty Item,17389
"Toys, Games & Collectibles",Collectibles,Others,17385
"Toys, Games & Collectibles",Collectibles,Trading Card Game,17392
"Toys, Games & Collectibles",Dolls,Doll,19213
"Toys, Games & Collectibles",Dolls,Doll Accessories,19215
"Toys, Games & Collectibles",Dolls,Doll House,19214
"Toys, Games & Collectibles",Dolls,Others,19212
"Toys, Games & Collectibles",Dolls,Stuffed Toy,19216
"Toys, Games & Collectibles",Dress Up & Pretend,Accessories,19235
"Toys, Games & Collectibles",Dress Up & Pretend,Costume,19234
"Toys, Games & Collectibles",Dress Up & Pretend,Others,19233
"Toys, Games & Collectibles",Educational Toys,Arts & Crafts,19203
"Toys, Games & Collectibles",Educational Toys,Blocks & Building,19205
"Toys, Games & Collectibles",Educational Toys,Coin Bank,19217
"Toys, Games & Collectibles",Educational Toys,Flash Cards,19209
"Toys, Games & Collectibles",Educational Toys,Musical Toys,19204
"Toys, Games & Collectibles",Educational Toys,Others,19201
"Toys, Games & Collectibles",Educational Toys,Science Toys,19206
"Toys, Games & Collectibles",Educational Toys,Sorters & Teaching Clocks,19207
"Toys, Games & Collectibles",Educational Toys,Toy Tablets & Computers,19208
"Toys, Games & Collectibles",Electronic Toys,Handheld,17453
"Toys, Games & Collectibles",Electronic Toys,Others,17452
"Toys, Games & Collectibles",Electronic Toys,Remote-controlled,17454
"Toys, Games & Collectibles",Others,Others,6879
"Toys, Games & Collectibles",Sports & Outdoor Toys,Balls & Ball Pits,19223
"Toys, Games & Collectibles",Sports & Outdoor Toys,Bicycles & Pedal Cars,19221
"Toys, Games & Collectibles",Sports & Outdoor Toys,Blasters & Toy Guns,19230
"Toys, Games & Collectibles",Sports & Outdoor Toys,Bouncers and Slides,19225
"Toys, Games & Collectibles",Sports & Outdoor Toys,Electronic Ride-Ons,19222
"Toys, Games & Collectibles",Sports & Outdoor Toys,Kites & Flying Toys,19224
"Toys, Games & Collectibles",Sports & Outdoor Toys,Lawn Games,19226
"Toys, Games & Collectibles",Sports & Outdoor Toys,Others,19220
"Toys, Games & Collectibles",Sports & Outdoor Toys,Pools & Water Toys,19227
"Toys, Games & Collectibles",Sports & Outdoor Toys,Sports Play,19231
Women Accessories,Belts & Scarves,Belt,19559
Women Accessories,Belts & Scarves,Handkerchief,19561
Women Accessories,Belts & Scarves,Hijab,19562
Women Accessories,Belts & Scarves,Others,7021
Women Accessories,Belts & Scarves,Scarf,19560
Women Accessories,Eyewear,Eyeglass,9140
Women Accessories,Eyewear,Others,7025
Women Accessories,Eyewear,Sunglass,8812
Women Accessories,Fine Jewelry,Bangle,13421
Women Accessories,Fine Jewelry,Bracelet,8828
Women Accessories,Fine Jewelry,Charm,8829
Women Accessories,Fine Jewelry,Earrings,9143
Women Accessories,Fine Jewelry,Jewelry Set,13422
Women Accessories,Fine Jewelry,Necklace,8827
Women Accessories,Fine Jewelry,Others,7018
Women Accessories,Fine Jewelry,Pendant,13420
Women Accessories,Fine Jewelry,Ring,8830
Women Accessories,Hair Accessories,Hair Clip,13418
Women Accessories,Hair Accessories,Hair Tie,13419
Women Accessories,Hair Accessories,Headband,13417
Women Accessories,Hair Accessories,Others,7023
Women Accessories,Hair Accessories,Turban,13416
Women Accessories,Hair Accessories,Wig,19558
Women Accessories,Hats & Caps,Beanie,19565
Women Accessories,Hats & Caps,Cap,19564
Women Accessories,Hats & Caps,Hat,19563
Women Accessories,Hats & Caps,Others,7022
Women Accessories,Hats & Caps,Visor,19566
Women Accessories,Jewelry,Anklet,13410
Women Accessories,Jewelry,Bangle,13408
Women Accessories,Jewelry,Bracelet,8794
Women Accessories,Jewelry,Charm,8796
Women Accessories,Jewelry,Earrings,9138
Women Accessories,Jewelry,Jewelry Set,13411
Women Accessories,Jewelry,Necklace,8793
Women Accessories,Jewelry,Others,7027
Women Accessories,Jewelry,Pendant,13409
Women Accessories,Jewelry,Ring,8801
Women Accessories,Others,Others,7017
Women Accessories,Wallets & Pouches,Cellet,8806
Women Accessories,Wallets & Pouches,Others,7026
Women Accessories,Wallets & Pouches,Pouch,8804
Women Accessories,Wallets & Pouches,Wallet,9139
Women Accessories,Watches,Analog,9137
Women Accessories,Watches,Couple,8792
Women Accessories,Watches,Digital,8791
Women Accessories,Watches,Dual Time,13407
Women Accessories,Watches,Others,7028
Women Shoes,Boots,Ankle,20400
Women Shoes,Boots,Knee High,20402
Women Shoes,Boots,Mid Calf,20401
Women Shoes,Boots,Others,20399
Women Shoes,Boots,Over the Knee,20403
Women Shoes,Boots,Rain Boots,20404
Women Shoes,Flats,Ballet,13638
Women Shoes,Flats,Espadrille,13640
Women Shoes,Flats,Loafer,13637
Women Shoes,Flats,Others,7008
Women Shoes,Flats,Peep Toe,13639
Women Shoes,Flats,Sandals,13641
Women Shoes,Flats,Slide,13636
Women Shoes,Heels,Close,13645
Women Shoes,Heels,Others,7007
Women Shoes,Heels,Peep Toe,13648
Women Shoes,Heels,Sandals,13647
Women Shoes,Heels,Slide,13646
Women Shoes,Others,Others,7002
Women Shoes,Shoe Care & Accessories,Insoles and Cushions,20408
Women Shoes,Shoe Care & Accessories,Others,20406
Women Shoes,Shoe Care & Accessories,Shoe Care,20409
Women Shoes,Shoe Care & Accessories,Shoe Laces,20407
Women Shoes,Slippers,Flip-flops,20396
Women Shoes,Slippers,House Slippers,20397
Women Shoes,Slippers,Others,7003
Women Shoes,Sneakers,High Cut,8834
Women Shoes,Sneakers,Low Cut,9145
Women Shoes,Sneakers,Others,7005
Women Shoes,Sneakers,Slip On,8839
Women Shoes,Wedges & Platforms,Close,13649
Women Shoes,Wedges & Platforms,Others,7006
Women Shoes,Wedges & Platforms,Peep Toe,13652
Women Shoes,Wedges & Platforms,Sandals,13651
Women Shoes,Wedges & Platforms,Slide,13650
Women's Apparel,Coordinates,Others,13760
Women's Apparel,Coordinates,Top & Pants,19519
Women's Apparel,Coordinates,Top & Shorts,19520
Women's Apparel,Coordinates,Top & Skirts,19521
Women's Apparel,Dresses,Bridal,20419
Women's Apparel,Dresses,Casual,8644
Women's Apparel,Dresses,Cocktail & Party,20418
Women's Apparel,Dresses,Formal,8652
Women's Apparel,Dresses,Night Out,20417
Women's Apparel,Dresses,Others,7041
Women's Apparel,Dresses,Work,20416
Women's Apparel,Jackets & Outerwear,Blazer & Vest,8761
Women's Apparel,Jackets & Outerwear,Bomber Jacket,23424
Women's Apparel,Jackets & Outerwear,Denim Jacket,23421
Women's Apparel,Jackets & Outerwear,Hoodie,8757
Women's Apparel,Jackets & Outerwear,Leather Jacket,23423
Women's Apparel,Jackets & Outerwear,Others,7034
Women's Apparel,Jackets & Outerwear,Winter Jacket,23427
Women's Apparel,Jumpsuits & Rompers,Jumper,12954
Women's Apparel,Jumpsuits & Rompers,Jumpsuit,12952
Women's Apparel,Jumpsuits & Rompers,Others,7033
Women's Apparel,Jumpsuits & Rompers,Romper,12953
Women's Apparel,Lingerie & Nightwear,Bra,9135
Women's Apparel,Lingerie & Nightwear,Lingerie Set,8772
Women's Apparel,Lingerie & Nightwear,Others,7032
Women's Apparel,Lingerie & Nightwear,Panty,8762
Women's Apparel,Lingerie & Nightwear,Sleepwear,8768
Women's Apparel,Others,Others,7029
Women's Apparel,Pants,Boyfriend,13762
Women's Apparel,Pants,Capri,13405
Women's Apparel,Pants,Culottes,12949
Women's Apparel,Pants,Harem,12947
Women's Apparel,Pants,High Waist,9131
Women's Apparel,Pants,Jogger,8731
Women's Apparel,Pants,Leggings,8741
Women's Apparel,Pants,Others,7037
Women's Apparel,Pants,Skinny,13763
Women's Apparel,Pants,Straight,13761
Women's Apparel,Pants,Trouser,12948
Women's Apparel,Plus Size,Coordinates,19533
Women's Apparel,Plus Size,Dress,19525
Women's Apparel,Plus Size,Jackets & Outerwear,19530
Women's Apparel,Plus Size,Jumpsuits & Rompers,19531
Women's Apparel,Plus Size,Lingerie & Nightwear,19532
Women's Apparel,Plus Size,Others,19523
Women's Apparel,Plus Size,Pants,19527
Women's Apparel,Plus Size,Shorts,19529
Women's Apparel,Plus Size,Skirts,19528
Women's Apparel,Plus Size,Sweaters & Cardigans,23477
Women's Apparel,Plus Size,Swimsuits,19534
Women's Apparel,Plus Size,Tees,19526
Women's Apparel,Plus Size,Top,19524
Women's Apparel,Shorts,Cycling,23407
Women's Apparel,Shorts,Denim,9133
Women's Apparel,Shorts,Drawstring,23406
Women's Apparel,Shorts,High Waist,8752
Women's Apparel,Shorts,Others,7035
Women's Apparel,Shorts,Shorts,12951
Women's Apparel,Shorts,Skort,8753
Women's Apparel,Skirts,Maxi,8750
Women's Apparel,Skirts,Midi,8749
Women's Apparel,Skirts,Mini,9132
Women's Apparel,Skirts,Others,7036
Women's Apparel,Skirts,Pencil,8751
Women's Apparel,Skirts,Skater,12950
Women's Apparel,Socks & Stockings,Ankle Socks,23431
Women's Apparel,Socks & Stockings,Foot Cover,17558
Women's Apparel,Socks & Stockings,Others,17555
Women's Apparel,Socks & Stockings,Stockings,17557
Women's Apparel,Socks & Stockings,Toe Socks,23432
Women's Apparel,Sweater & Cardigans,Cardigan,23415
Women's Apparel,Sweater & Cardigans,Kimono,23414
Women's Apparel,Sweater & Cardigans,Others,23410
Women's Apparel,Sweater & Cardigans,Sweater,23418
Women's Apparel,Swimsuit,Bikini,9136
Women's Apparel,Swimsuit,One Piece,8784
Women's Apparel,Swimsuit,Others,7030
Women's Apparel,Tees,Couple Shirt,12945
Women's Apparel,Tees,Others,7039
Women's Apparel,Tees,Round Neck,12944
Women's Apparel,Tees,V-Neck,12943
Women's Apparel,Tops,Corset,12942
Women's Apparel,Tops,Crop,9129
Women's Apparel,Tops,Halter,12941
Women's Apparel,Tops,Long Sleeves,8698
Women's Apparel,Tops,Off Shoulder,8667
Women's Apparel,Tops,Others,7040
Women's Apparel,Tops,Short Sleeves,8691
Women's Apparel,Tops,Sleeveless,19517
Women's Apparel,Tops,Spaghetti,19518
Women's Apparel,Tops,Tank,8670
Women's Apparel,Tops,Tube,12940
Women's Bags,Accessories,Charm,13425
Women's Bags,Accessories,Organizer,13426
Women's Bags,Accessories,Others,13427
Women's Bags,Accessories,Twilly,13424
Women's Bags,Backpacks,Backpack Set,19583
Women's Bags,Backpacks,Basic,19580
Women's Bags,Backpacks,Character,19582
Women's Bags,Backpacks,Leather,19581
Women's Bags,Backpacks,Others,7012
Women's Bags,Clutches,Envelope,19578
Women's Bags,Clutches,Others,7013
Women's Bags,Clutches,Party Clutch,19577
Women's Bags,Clutches,Wristlet,19579
Women's Bags,Drawstrings,Others,12962
Women's Bags,Handbags,Doctor's Bag,19570
Women's Bags,Handbags,Handbag,19571
Women's Bags,Handbags,Handbag Set,19572
Women's Bags,Handbags,Others,7014
Women's Bags,Handbags,Satchel,19569
Women's Bags,Others,Others,7010
Women's Bags,Shoulder Bags,Bucket,8831
Women's Bags,Shoulder Bags,Hobo,9144
Women's Bags,Shoulder Bags,Others,7016
Women's Bags,Shoulder Bags,Shoulder Bag,19568
Women's Bags,Shoulder Bags,Sling,8833
Women's Bags,Tote Bags,Beach Bag,19576
Women's Bags,Tote Bags,Canvas Tote Bag,19575
Women's Bags,Tote Bags,Document Bag,19574
Women's Bags,Tote Bags,Others,7015
Women's Bags,Tote Bags,Shopper Bag,19573